ball_x,ball_y,ball_vx,ball_vy,paddle_y
770,300,-4,-4,203
766,296,-4,-4,203
762,292,-4,-4,203
758,288,-4,-4,203
754,284,-4,-4,203
750,280,-4,-4,203
746,276,-4,-4,203
742,272,-4,-4,203
738,268,-4,-4,208
734,264,-4,-4,216
730,260,-4,-4,222
726,256,-4,-4,229
722,252,-4,-4,232
718,248,-4,-4,235
714,244,-4,-4,236
710,240,-4,-4,236
706,236,-4,-4,236
702,232,-4,-4,236
698,228,-4,-4,237
694,224,-4,-4,238
690,220,-4,-4,239
686,216,-4,-4,239
682,212,-4,-4,239
678,208,-4,-4,239
674,204,-4,-4,239
670,200,-4,-4,239
666,196,-4,-4,239
662,192,-4,-4,239
658,188,-4,-4,239
654,184,-4,-4,239
650,180,-4,-4,239
646,176,-4,-4,239
642,172,-4,-4,238
638,168,-4,-4,237
634,164,-4,-4,237
630,160,-4,-4,237
626,156,-4,-4,237
622,152,-4,-4,236
618,148,-4,-4,236
614,144,-4,-4,236
610,140,-4,-4,236
606,136,-4,-4,236
602,132,-4,-4,236
598,128,-4,-4,236
594,124,-4,-4,236
590,120,-4,-4,236
586,116,-4,-4,236
582,112,-4,-4,236
578,108,-4,-4,236
574,104,-4,-4,236
570,100,-4,-4,236
566,96,-4,-4,236
562,92,-4,-4,236
558,88,-4,-4,236
554,84,-4,-4,236
550,80,-4,-4,236
546,76,-4,-4,236
542,72,-4,-4,236
538,68,-4,-4,236
534,64,-4,-4,236
530,60,-4,-4,236
526,56,-4,-4,236
522,52,-4,-4,236
518,48,-4,-4,236
514,44,-4,-4,236
510,40,-4,-4,236
506,36,-4,-4,236
502,32,-4,-4,236
498,28,-4,-4,236
494,24,-4,-4,236
490,20,-4,-4,236
486,24,-4,4,236
482,28,-4,4,236
478,32,-4,4,236
474,36,-4,4,236
470,40,-4,4,236
466,44,-4,4,236
462,48,-4,4,236
458,52,-4,4,236
454,56,-4,4,236
450,60,-4,4,236
446,64,-4,4,236
442,68,-4,4,236
438,72,-4,4,236
434,76,-4,4,236
430,80,-4,4,236
426,84,-4,4,236
422,88,-4,4,236
418,92,-4,4,236
414,96,-4,4,236
410,100,-4,4,236
406,104,-4,4,236
402,108,-4,4,236
398,112,-4,4,236
394,116,-4,4,236
390,120,-4,4,236
386,124,-4,4,236
382,128,-4,4,236
378,132,-4,4,236
374,136,-4,4,236
370,140,-4,4,236
366,144,-4,4,236
362,148,-4,4,236
358,152,-4,4,236
354,156,-4,4,236
350,160,-4,4,236
346,164,-4,4,236
342,168,-4,4,236
338,172,-4,4,236
334,176,-4,4,236
330,180,-4,4,236
326,184,-4,4,236
322,188,-4,4,236
318,192,-4,4,236
314,196,-4,4,236
310,200,-4,4,236
306,204,-4,4,236
302,208,-4,4,236
298,212,-4,4,236
294,216,-4,4,236
290,220,-4,4,236
286,224,-4,4,236
282,228,-4,4,236
278,232,-4,4,236
274,236,-4,4,236
270,240,-4,4,236
266,244,-4,4,236
262,248,-4,4,236
258,252,-4,4,236
254,256,-4,4,236
250,260,-4,4,236
246,264,-4,4,236
242,268,-4,4,236
238,272,-4,4,236
234,276,-4,4,236
230,280,-4,4,236
226,284,-4,4,236
222,288,-4,4,236
218,292,-4,4,236
214,296,-4,4,236
210,300,-4,4,236
206,304,-4,4,236
202,308,-4,4,236
198,312,-4,4,236
194,316,-4,4,236
190,320,-4,4,236
186,324,-4,4,236
182,328,-4,4,236
178,332,-4,4,236
174,336,-4,4,236
170,340,-4,4,236
166,344,-4,4,236
162,348,-4,4,236
158,352,-4,4,236
154,356,-4,4,236
150,360,-4,4,236
146,364,-4,4,236
142,368,-4,4,236
138,372,-4,4,236
134,376,-4,4,236
130,380,-4,4,236
126,384,-4,4,236
122,388,-4,4,236
118,392,-4,4,236
114,396,-4,4,236
110,400,-4,4,236
106,404,-4,4,236
102,408,-4,4,236
98,412,-4,4,236
94,416,-4,4,236
90,420,-4,4,236
86,424,-4,4,236
82,428,-4,4,236
78,432,-4,4,236
74,436,-4,4,236
70,440,-4,4,236
66,444,-4,4,236
62,448,-4,4,236
58,452,-4,4,236
54,456,-4,4,236
50,460,-4,4,236
46,464,-4,4,236
42,468,-4,4,236
38,472,-4,4,236
34,476,-4,4,236
30,480,-4,4,236
26,484,-4,4,236
22,488,-4,4,236
26,492,4,4,236
30,496,4,4,236
34,500,4,4,236
38,504,4,4,236
42,508,4,4,236
46,512,4,4,236
50,516,4,4,236
54,520,4,4,236
58,524,4,4,236
62,528,4,4,236
66,532,4,4,236
70,536,4,4,236
74,540,4,4,236
78,544,4,4,236
82,548,4,4,236
86,552,4,4,236
90,556,4,4,236
94,560,4,4,236
98,564,4,4,236
102,568,4,4,236
106,572,4,4,236
110,576,4,4,236
114,580,4,4,236
118,576,4,-4,236
122,572,4,-4,236
126,568,4,-4,236
130,564,4,-4,236
134,560,4,-4,236
138,556,4,-4,236
142,552,4,-4,236
146,548,4,-4,236
150,544,4,-4,236
154,540,4,-4,236
158,536,4,-4,236
162,532,4,-4,236
166,528,4,-4,236
170,524,4,-4,236
174,520,4,-4,236
178,516,4,-4,236
182,512,4,-4,236
186,508,4,-4,236
190,504,4,-4,236
194,500,4,-4,236
198,496,4,-4,236
202,492,4,-4,236
206,488,4,-4,236
210,484,4,-4,236
214,480,4,-4,236
218,476,4,-4,236
222,472,4,-4,236
226,468,4,-4,236
230,464,4,-4,236
234,460,4,-4,236
238,456,4,-4,236
242,452,4,-4,236
246,448,4,-4,236
250,444,4,-4,236
254,440,4,-4,236
258,436,4,-4,236
262,432,4,-4,236
266,428,4,-4,236
270,424,4,-4,236
274,420,4,-4,236
278,416,4,-4,236
282,412,4,-4,236
286,408,4,-4,236
290,404,4,-4,236
294,400,4,-4,236
298,396,4,-4,236
302,392,4,-4,236
306,388,4,-4,236
310,384,4,-4,236
314,380,4,-4,236
318,376,4,-4,236
322,372,4,-4,236
326,368,4,-4,236
330,364,4,-4,236
334,360,4,-4,236
338,356,4,-4,236
342,352,4,-4,236
346,348,4,-4,236
350,344,4,-4,236
354,340,4,-4,236
358,336,4,-4,236
362,332,4,-4,236
366,328,4,-4,236
370,324,4,-4,236
374,320,4,-4,228
378,316,4,-4,226
382,312,4,-4,224
386,308,4,-4,222
390,304,4,-4,221
394,300,4,-4,220
398,296,4,-4,218
402,292,4,-4,217
406,288,4,-4,214
410,284,4,-4,214
414,280,4,-4,213
418,276,4,-4,213
422,272,4,-4,212
426,268,4,-4,210
430,264,4,-4,209
434,260,4,-4,206
438,256,4,-4,205
442,252,4,-4,204
446,248,4,-4,203
450,244,4,-4,203
454,240,4,-4,201
458,236,4,-4,199
462,232,4,-4,197
466,228,4,-4,196
470,224,4,-4,195
474,220,4,-4,194
478,216,4,-4,193
482,212,4,-4,191
486,208,4,-4,190
490,204,4,-4,188
494,200,4,-4,187
498,196,4,-4,186
502,192,4,-4,184
506,188,4,-4,183
510,184,4,-4,182
514,180,4,-4,181
518,176,4,-4,179
522,172,4,-4,176
526,168,4,-4,175
530,164,4,-4,172
534,160,4,-4,170
538,156,4,-4,168
542,152,4,-4,165
546,148,4,-4,162
550,144,4,-4,156
554,140,4,-4,151
558,136,4,-4,145
562,132,4,-4,143
566,128,4,-4,141
570,124,4,-4,138
574,120,4,-4,127
578,116,4,-4,120
582,112,4,-4,115
586,108,4,-4,111
590,104,4,-4,108
594,100,4,-4,105
598,96,4,-4,101
602,92,4,-4,97
606,88,4,-4,93
610,84,4,-4,90
614,80,4,-4,85
618,76,4,-4,82
622,72,4,-4,80
626,68,4,-4,80
630,64,4,-4,79
634,60,4,-4,78
638,56,4,-4,78
642,52,4,-4,77
646,48,4,-4,76
650,44,4,-4,74
654,40,4,-4,73
658,36,4,-4,71
662,32,4,-4,70
666,28,4,-4,69
670,24,4,-4,67
674,20,4,-4,65
678,24,4,4,64
682,28,4,4,62
686,32,4,4,60
690,36,4,4,59
694,40,4,4,58
698,44,4,4,57
702,48,4,4,56
706,52,4,4,55
710,56,4,4,54
714,60,4,4,53
718,64,4,4,53
722,68,4,4,52
726,72,4,4,52
730,76,4,4,52
734,80,4,4,52
738,84,4,4,51
742,88,4,4,53
746,92,4,4,61
750,96,4,4,63
754,100,4,4,65
758,104,4,4,68
762,108,4,4,73
766,112,4,4,77
770,116,4,4,84
770,116,-4,4,87
766,120,-4,4,90
762,124,-4,4,98
758,128,-4,4,103
754,132,-4,4,107
750,136,-4,4,109
746,140,-4,4,110
742,144,-4,4,111
738,148,-4,4,111
734,152,-4,4,112
730,156,-4,4,112
726,160,-4,4,112
722,164,-4,4,112
718,168,-4,4,112
714,172,-4,4,112
710,176,-4,4,112
706,180,-4,4,112
702,184,-4,4,112
698,188,-4,4,112
694,192,-4,4,112
690,196,-4,4,112
686,200,-4,4,113
682,204,-4,4,113
678,208,-4,4,114
674,212,-4,4,117
670,216,-4,4,126
666,220,-4,4,132
662,224,-4,4,136
658,228,-4,4,141
654,232,-4,4,146
650,236,-4,4,151
646,240,-4,4,153
642,244,-4,4,155
638,248,-4,4,157
634,252,-4,4,159
630,256,-4,4,162
626,260,-4,4,164
622,264,-4,4,169
618,268,-4,4,172
614,272,-4,4,175
610,276,-4,4,176
606,280,-4,4,178
602,284,-4,4,180
598,288,-4,4,181
594,292,-4,4,183
590,296,-4,4,184
586,300,-4,4,184
582,304,-4,4,184
578,308,-4,4,184
574,312,-4,4,184
570,316,-4,4,184
566,320,-4,4,184
562,324,-4,4,184
558,328,-4,4,184
554,332,-4,4,184
550,336,-4,4,185
546,340,-4,4,186
542,344,-4,4,187
538,348,-4,4,187
534,352,-4,4,193
530,356,-4,4,197
526,360,-4,4,202
522,364,-4,4,206
518,368,-4,4,213
514,372,-4,4,216
510,376,-4,4,218
506,380,-4,4,220
502,384,-4,4,223
498,388,-4,4,233
494,392,-4,4,238
490,396,-4,4,247
486,400,-4,4,254
482,404,-4,4,259
478,408,-4,4,261
474,412,-4,4,261
470,416,-4,4,262
466,420,-4,4,264
462,424,-4,4,268
458,428,-4,4,270
454,432,-4,4,272
450,436,-4,4,272
446,440,-4,4,273
442,444,-4,4,274
438,448,-4,4,277
434,452,-4,4,279
430,456,-4,4,281
426,460,-4,4,283
422,464,-4,4,285
418,468,-4,4,286
414,472,-4,4,287
410,476,-4,4,290
406,480,-4,4,292
402,484,-4,4,296
398,488,-4,4,298
394,492,-4,4,299
390,496,-4,4,301
386,500,-4,4,304
382,504,-4,4,307
378,508,-4,4,310
374,512,-4,4,314
370,516,-4,4,316
366,520,-4,4,317
362,524,-4,4,318
358,528,-4,4,320
354,532,-4,4,321
350,536,-4,4,322
346,540,-4,4,323
342,544,-4,4,324
338,548,-4,4,324
334,552,-4,4,324
330,556,-4,4,324
326,560,-4,4,324
322,564,-4,4,324
318,568,-4,4,324
314,572,-4,4,324
310,576,-4,4,324
306,580,-4,4,324
302,576,-4,-4,324
298,572,-4,-4,324
294,568,-4,-4,324
290,564,-4,-4,324
286,560,-4,-4,324
282,556,-4,-4,324
278,552,-4,-4,324
274,548,-4,-4,324
270,544,-4,-4,324
266,540,-4,-4,324
262,536,-4,-4,324
258,532,-4,-4,324
254,528,-4,-4,324
250,524,-4,-4,324
246,520,-4,-4,324
242,516,-4,-4,324
238,512,-4,-4,324
234,508,-4,-4,324
230,504,-4,-4,324
226,500,-4,-4,324
222,496,-4,-4,324
218,492,-4,-4,324
214,488,-4,-4,324
210,484,-4,-4,324
206,480,-4,-4,324
202,476,-4,-4,324
198,472,-4,-4,324
194,468,-4,-4,324
190,464,-4,-4,324
186,460,-4,-4,324
182,456,-4,-4,324
178,452,-4,-4,324
174,448,-4,-4,324
170,444,-4,-4,324
166,440,-4,-4,324
162,436,-4,-4,324
158,432,-4,-4,324
154,428,-4,-4,323
150,424,-4,-4,322
146,420,-4,-4,320
142,416,-4,-4,320
138,412,-4,-4,320
134,408,-4,-4,320
130,404,-4,-4,320
126,400,-4,-4,320
122,396,-4,-4,320
118,392,-4,-4,320
114,388,-4,-4,320
110,384,-4,-4,320
106,380,-4,-4,320
102,376,-4,-4,319
98,372,-4,-4,319
94,368,-4,-4,318
90,364,-4,-4,315
86,360,-4,-4,313
82,356,-4,-4,310
78,352,-4,-4,303
74,348,-4,-4,297
70,344,-4,-4,287
66,340,-4,-4,283
62,336,-4,-4,281
58,332,-4,-4,280
54,328,-4,-4,279
50,324,-4,-4,278
46,320,-4,-4,278
42,316,-4,-4,278
38,312,-4,-4,278
34,308,-4,-4,278
30,304,-4,-4,278
26,300,-4,-4,278
22,296,-4,-4,278
26,292,4,-4,278
30,288,4,-4,278
34,284,4,-4,278
38,280,4,-4,278
42,276,4,-4,278
46,272,4,-4,278
50,268,4,-4,278
54,264,4,-4,278
58,260,4,-4,278
62,256,4,-4,278
66,252,4,-4,278
70,248,4,-4,278
74,244,4,-4,278
78,240,4,-4,278
82,236,4,-4,278
86,232,4,-4,278
90,228,4,-4,278
94,224,4,-4,278
98,220,4,-4,278
102,216,4,-4,278
106,212,4,-4,278
110,208,4,-4,278
114,204,4,-4,278
118,200,4,-4,278
122,196,4,-4,278
126,192,4,-4,278
130,188,4,-4,278
134,184,4,-4,278
138,180,4,-4,278
142,176,4,-4,278
146,172,4,-4,278
150,168,4,-4,278
154,164,4,-4,278
158,160,4,-4,278
162,156,4,-4,278
166,152,4,-4,278
170,148,4,-4,278
174,144,4,-4,278
178,140,4,-4,278
182,136,4,-4,278
186,132,4,-4,278
190,128,4,-4,278
194,124,4,-4,278
198,120,4,-4,278
202,116,4,-4,278
206,112,4,-4,278
210,108,4,-4,278
214,104,4,-4,278
218,100,4,-4,278
222,96,4,-4,278
226,92,4,-4,278
230,88,4,-4,278
234,84,4,-4,278
238,80,4,-4,278
242,76,4,-4,278
246,72,4,-4,278
250,68,4,-4,278
254,64,4,-4,278
258,60,4,-4,278
262,56,4,-4,278
266,52,4,-4,278
270,48,4,-4,277
274,44,4,-4,277
278,40,4,-4,277
282,36,4,-4,277
286,32,4,-4,277
290,28,4,-4,277
294,24,4,-4,277
298,20,4,-4,277
302,24,4,4,277
306,28,4,4,277
310,32,4,4,277
314,36,4,4,277
318,40,4,4,277
322,44,4,4,277
326,48,4,4,277
330,52,4,4,277
334,56,4,4,277
338,60,4,4,277
342,64,4,4,277
346,68,4,4,277
350,72,4,4,277
354,76,4,4,277
358,80,4,4,277
362,84,4,4,277
366,88,4,4,277
370,92,4,4,277
374,96,4,4,277
378,100,4,4,277
382,104,4,4,277
386,108,4,4,277
390,112,4,4,278
394,116,4,4,279
398,120,4,4,280
402,124,4,4,281
406,128,4,4,282
410,132,4,4,284
414,136,4,4,287
418,140,4,4,288
422,144,4,4,291
426,148,4,4,292
430,152,4,4,294
434,156,4,4,296
438,160,4,4,298
442,164,4,4,301
446,168,4,4,302
450,172,4,4,305
454,176,4,4,307
458,180,4,4,309
462,184,4,4,312
466,188,4,4,314
470,192,4,4,314
474,196,4,4,316
478,200,4,4,317
482,204,4,4,318
486,208,4,4,320
490,212,4,4,322
494,216,4,4,324
498,220,4,4,325
502,224,4,4,328
506,228,4,4,329
510,232,4,4,331
514,236,4,4,332
518,240,4,4,333
522,244,4,4,335
526,248,4,4,336
530,252,4,4,337
534,256,4,4,338
538,260,4,4,339
542,264,4,4,341
546,268,4,4,342
550,272,4,4,343
554,276,4,4,345
558,280,4,4,347
562,284,4,4,348
566,288,4,4,349
570,292,4,4,351
574,296,4,4,353
578,300,4,4,355
582,304,4,4,357
586,308,4,4,359
590,312,4,4,361
594,316,4,4,363
598,320,4,4,364
602,324,4,4,370
606,328,4,4,373
610,332,4,4,376
614,336,4,4,379
618,340,4,4,380
622,344,4,4,383
626,348,4,4,386
630,352,4,4,389
634,356,4,4,390
638,360,4,4,391
642,364,4,4,394
646,368,4,4,396
650,372,4,4,397
654,376,4,4,399
658,380,4,4,401
662,384,4,4,402
666,388,4,4,404
670,392,4,4,406
674,396,4,4,407
678,400,4,4,409
682,404,4,4,410
686,408,4,4,411
690,412,4,4,413
694,416,4,4,416
698,420,4,4,418
702,424,4,4,418
706,428,4,4,421
710,432,4,4,423
714,436,4,4,426
718,440,4,4,430
722,444,4,4,432
726,448,4,4,435
730,452,4,4,437
734,456,4,4,442
738,460,4,4,456
742,464,4,4,465
746,468,4,4,469
750,472,4,4,470
754,476,4,4,470
758,480,4,4,470
762,484,4,4,470
766,488,4,4,470
770,492,4,4,470
770,492,-4,4,470
766,496,-4,4,470
762,500,-4,4,470
758,504,-4,4,470
754,508,-4,4,470
750,512,-4,4,470
746,516,-4,4,470
742,520,-4,4,470
738,524,-4,4,470
734,528,-4,4,470
730,532,-4,4,470
726,536,-4,4,470
722,540,-4,4,466
718,544,-4,4,459
714,548,-4,4,451
710,552,-4,4,442
706,556,-4,4,436
702,560,-4,4,433
698,564,-4,4,431
694,568,-4,4,430
690,572,-4,4,430
686,576,-4,4,430
682,580,-4,4,429
678,576,-4,-4,428
674,572,-4,-4,428
670,568,-4,-4,428
666,564,-4,-4,427
662,560,-4,-4,427
658,556,-4,-4,427
654,552,-4,-4,427
650,548,-4,-4,427
646,544,-4,-4,427
642,540,-4,-4,427
638,536,-4,-4,427
634,532,-4,-4,427
630,528,-4,-4,427
626,524,-4,-4,427
622,520,-4,-4,427
618,516,-4,-4,427
614,512,-4,-4,427
610,508,-4,-4,427
606,504,-4,-4,427
602,500,-4,-4,427
598,496,-4,-4,427
594,492,-4,-4,427
590,488,-4,-4,427
586,484,-4,-4,427
582,480,-4,-4,427
578,476,-4,-4,427
574,472,-4,-4,427
570,468,-4,-4,427
566,464,-4,-4,427
562,460,-4,-4,427
558,456,-4,-4,427
554,452,-4,-4,427
550,448,-4,-4,427
546,444,-4,-4,427
542,440,-4,-4,427
538,436,-4,-4,427
534,432,-4,-4,427
530,428,-4,-4,427
526,424,-4,-4,427
522,420,-4,-4,427
518,416,-4,-4,426
514,412,-4,-4,426
510,408,-4,-4,426
506,404,-4,-4,426
502,400,-4,-4,426
498,396,-4,-4,424
494,392,-4,-4,424
490,388,-4,-4,424
486,384,-4,-4,424
482,380,-4,-4,424
478,376,-4,-4,424
474,372,-4,-4,424
470,368,-4,-4,424
466,364,-4,-4,424
462,360,-4,-4,424
458,356,-4,-4,424
454,352,-4,-4,423
450,348,-4,-4,423
446,344,-4,-4,423
442,340,-4,-4,423
438,336,-4,-4,422
434,332,-4,-4,422
430,328,-4,-4,422
426,324,-4,-4,422
422,320,-4,-4,422
418,316,-4,-4,422
414,312,-4,-4,422
410,308,-4,-4,422
406,304,-4,-4,422
402,300,-4,-4,422
398,296,-4,-4,422
394,292,-4,-4,422
390,288,-4,-4,422
386,284,-4,-4,422
382,280,-4,-4,422
378,276,-4,-4,422
374,272,-4,-4,422
370,268,-4,-4,422
366,264,-4,-4,422
362,260,-4,-4,422
358,256,-4,-4,422
354,252,-4,-4,422
350,248,-4,-4,421
346,244,-4,-4,420
342,240,-4,-4,420
338,236,-4,-4,416
334,232,-4,-4,413
330,228,-4,-4,409
326,224,-4,-4,405
322,220,-4,-4,402
318,216,-4,-4,401
314,212,-4,-4,400
310,208,-4,-4,399
306,204,-4,-4,398
302,200,-4,-4,398
298,196,-4,-4,395
294,192,-4,-4,394
290,188,-4,-4,391
286,184,-4,-4,387
282,180,-4,-4,386
278,176,-4,-4,384
274,172,-4,-4,381
270,168,-4,-4,379
266,164,-4,-4,374
262,160,-4,-4,370
258,156,-4,-4,365
254,152,-4,-4,362
250,148,-4,-4,359
246,144,-4,-4,357
242,140,-4,-4,355
238,136,-4,-4,354
234,132,-4,-4,353
230,128,-4,-4,351
226,124,-4,-4,349
222,120,-4,-4,348
218,116,-4,-4,347
214,112,-4,-4,347
210,108,-4,-4,347
206,104,-4,-4,347
202,100,-4,-4,346
198,96,-4,-4,345
194,92,-4,-4,343
190,88,-4,-4,342
186,84,-4,-4,340
182,80,-4,-4,339
178,76,-4,-4,337
174,72,-4,-4,335
170,68,-4,-4,333
166,64,-4,-4,323
162,60,-4,-4,317
158,56,-4,-4,313
154,52,-4,-4,311
150,48,-4,-4,309
146,44,-4,-4,304
142,40,-4,-4,301
138,36,-4,-4,297
134,32,-4,-4,295
130,28,-4,-4,293
126,24,-4,-4,291
122,20,-4,-4,291
118,24,-4,4,291
114,28,-4,4,291
110,32,-4,4,290
106,36,-4,4,290
102,40,-4,4,289
98,44,-4,4,289
94,48,-4,4,289
90,52,-4,4,289
86,56,-4,4,289
82,60,-4,4,289
78,64,-4,4,288
74,68,-4,4,288
70,72,-4,4,288
66,76,-4,4,288
62,80,-4,4,288
58,84,-4,4,287
54,88,-4,4,287
50,92,-4,4,287
46,96,-4,4,287
42,100,-4,4,287
38,104,-4,4,287
34,108,-4,4,287
30,112,-4,4,287
26,116,-4,4,287
22,120,-4,4,287
26,124,4,4,287
30,128,4,4,287
34,132,4,4,287
38,136,4,4,287
42,140,4,4,287
46,144,4,4,287
50,148,4,4,287
54,152,4,4,287
58,156,4,4,287
62,160,4,4,287
66,164,4,4,287
70,168,4,4,287
74,172,4,4,287
78,176,4,4,291
82,180,4,4,293
86,184,4,4,295
90,188,4,4,296
94,192,4,4,296
98,196,4,4,296
102,200,4,4,296
106,204,4,4,296
110,208,4,4,296
114,212,4,4,297
118,216,4,4,297
122,220,4,4,297
126,224,4,4,297
130,228,4,4,297
134,232,4,4,297
138,236,4,4,297
142,240,4,4,297
146,244,4,4,297
150,248,4,4,297
154,252,4,4,297
158,256,4,4,297
162,260,4,4,297
166,264,4,4,297
170,268,4,4,297
174,272,4,4,297
178,276,4,4,297
182,280,4,4,297
186,284,4,4,297
190,288,4,4,297
194,292,4,4,297
198,296,4,4,297
202,300,4,4,297
206,304,4,4,297
210,308,4,4,297
214,312,4,4,297
218,316,4,4,297
222,320,4,4,297
226,324,4,4,297
230,328,4,4,297
234,332,4,4,297
238,336,4,4,297
242,340,4,4,297
246,344,4,4,297
250,348,4,4,297
254,352,4,4,297
258,356,4,4,297
262,360,4,4,297
266,364,4,4,297
270,368,4,4,297
274,372,4,4,297
278,376,4,4,297
282,380,4,4,297
286,384,4,4,297
290,388,4,4,297
294,392,4,4,297
298,396,4,4,297
302,400,4,4,307
306,404,4,4,312
310,408,4,4,323
314,412,4,4,329
318,416,4,4,338
322,420,4,4,343
326,424,4,4,346
330,428,4,4,348
334,432,4,4,348
338,436,4,4,349
342,440,4,4,349
346,444,4,4,349
350,448,4,4,349
354,452,4,4,349
358,456,4,4,349
362,460,4,4,351
366,464,4,4,352
370,468,4,4,352
374,472,4,4,353
378,476,4,4,356
382,480,4,4,358
386,484,4,4,361
390,488,4,4,363
394,492,4,4,365
398,496,4,4,367
402,500,4,4,368
406,504,4,4,370
410,508,4,4,373
414,512,4,4,376
418,516,4,4,379
422,520,4,4,381
426,524,4,4,383
430,528,4,4,384
434,532,4,4,385
438,536,4,4,387
442,540,4,4,389
446,544,4,4,391
450,548,4,4,392
454,552,4,4,394
458,556,4,4,394
462,560,4,4,396
466,564,4,4,396
470,568,4,4,398
474,572,4,4,399
478,576,4,4,400
482,580,4,4,400
486,576,4,-4,400
490,572,4,-4,400
494,568,4,-4,401
498,564,4,-4,402
502,560,4,-4,402
506,556,4,-4,403
510,552,4,-4,403
514,548,4,-4,403
518,544,4,-4,403
522,540,4,-4,403
526,536,4,-4,403
530,532,4,-4,403
534,528,4,-4,403
538,524,4,-4,399
542,520,4,-4,395
546,516,4,-4,389
550,512,4,-4,382
554,508,4,-4,374
558,504,4,-4,370
562,500,4,-4,364
566,496,4,-4,358
570,492,4,-4,354
574,488,4,-4,351
578,484,4,-4,347
582,480,4,-4,345
586,476,4,-4,341
590,472,4,-4,332
594,468,4,-4,327
598,464,4,-4,324
602,460,4,-4,321
606,456,4,-4,318
610,452,4,-4,317
614,448,4,-4,316
618,444,4,-4,315
622,440,4,-4,314
626,436,4,-4,311
630,432,4,-4,310
634,428,4,-4,309
638,424,4,-4,308
642,420,4,-4,308
646,416,4,-4,308
650,412,4,-4,307
654,408,4,-4,306
658,404,4,-4,304
662,400,4,-4,303
666,396,4,-4,301
670,392,4,-4,301
674,388,4,-4,301
678,384,4,-4,300
682,380,4,-4,295
686,376,4,-4,291
690,372,4,-4,288
694,368,4,-4,287
698,364,4,-4,286
702,360,4,-4,285
706,356,4,-4,284
710,352,4,-4,281
714,348,4,-4,280
718,344,4,-4,279
722,340,4,-4,277
726,336,4,-4,275
730,332,4,-4,273
734,328,4,-4,268
738,324,4,-4,262
742,320,4,-4,256
746,316,4,-4,256
750,312,4,-4,256
754,308,4,-4,256
758,304,4,-4,256
762,300,4,-4,256
766,296,4,-4,254
770,292,4,-4,251
770,292,-4,-4,249
766,288,-4,-4,247
762,284,-4,-4,245
758,280,-4,-4,244
754,276,-4,-4,243
750,272,-4,-4,243
746,268,-4,-4,243
742,264,-4,-4,243
738,260,-4,-4,243
734,256,-4,-4,243
730,252,-4,-4,243
726,248,-4,-4,243
722,244,-4,-4,243
718,240,-4,-4,243
714,236,-4,-4,243
710,232,-4,-4,243
706,228,-4,-4,243
702,224,-4,-4,243
698,220,-4,-4,244
694,216,-4,-4,244
690,212,-4,-4,244
686,208,-4,-4,244
682,204,-4,-4,244
678,200,-4,-4,244
674,196,-4,-4,244
670,192,-4,-4,244
666,188,-4,-4,244
662,184,-4,-4,244
658,180,-4,-4,244
654,176,-4,-4,244
650,172,-4,-4,244
646,168,-4,-4,244
642,164,-4,-4,244
638,160,-4,-4,244
634,156,-4,-4,244
630,152,-4,-4,244
626,148,-4,-4,244
622,144,-4,-4,244
618,140,-4,-4,244
614,136,-4,-4,244
610,132,-4,-4,244
606,128,-4,-4,244
602,124,-4,-4,244
598,120,-4,-4,244
594,116,-4,-4,244
590,112,-4,-4,244
586,108,-4,-4,244
582,104,-4,-4,244
578,100,-4,-4,244
574,96,-4,-4,244
570,92,-4,-4,244
566,88,-4,-4,244
562,84,-4,-4,244
558,80,-4,-4,244
554,76,-4,-4,244
550,72,-4,-4,244
546,68,-4,-4,244
542,64,-4,-4,244
538,60,-4,-4,244
534,56,-4,-4,244
530,52,-4,-4,244
526,48,-4,-4,244
522,44,-4,-4,244
518,40,-4,-4,244
514,36,-4,-4,244
510,32,-4,-4,244
506,28,-4,-4,244
502,24,-4,-4,244
498,20,-4,-4,244
494,24,-4,4,244
490,28,-4,4,244
486,32,-4,4,244
482,36,-4,4,244
478,40,-4,4,244
474,44,-4,4,244
470,48,-4,4,244
466,52,-4,4,244
462,56,-4,4,244
458,60,-4,4,244
454,64,-4,4,244
450,68,-4,4,244
446,72,-4,4,244
442,76,-4,4,244
438,80,-4,4,244
434,84,-4,4,244
430,88,-4,4,244
426,92,-4,4,244
422,96,-4,4,244
418,100,-4,4,244
414,104,-4,4,244
410,108,-4,4,244
406,112,-4,4,244
402,116,-4,4,244
398,120,-4,4,244
394,124,-4,4,244
390,128,-4,4,244
386,132,-4,4,244
382,136,-4,4,244
378,140,-4,4,244
374,144,-4,4,244
370,148,-4,4,244
366,152,-4,4,244
362,156,-4,4,244
358,160,-4,4,244
354,164,-4,4,244
350,168,-4,4,244
346,172,-4,4,244
342,176,-4,4,244
338,180,-4,4,244
334,184,-4,4,244
330,188,-4,4,244
326,192,-4,4,244
322,196,-4,4,244
318,200,-4,4,244
314,204,-4,4,244
310,208,-4,4,244
306,212,-4,4,244
302,216,-4,4,244
298,220,-4,4,244
294,224,-4,4,244
290,228,-4,4,244
286,232,-4,4,244
282,236,-4,4,244
278,240,-4,4,244
274,244,-4,4,244
270,248,-4,4,244
266,252,-4,4,244
262,256,-4,4,244
258,260,-4,4,244
254,264,-4,4,244
250,268,-4,4,244
246,272,-4,4,244
242,276,-4,4,244
238,280,-4,4,244
234,284,-4,4,244
230,288,-4,4,244
226,292,-4,4,244
222,296,-4,4,244
218,300,-4,4,244
214,304,-4,4,244
210,308,-4,4,244
206,312,-4,4,244
202,316,-4,4,244
198,320,-4,4,244
194,324,-4,4,244
190,328,-4,4,244
186,332,-4,4,244
182,336,-4,4,244
178,340,-4,4,244
174,344,-4,4,244
170,348,-4,4,244
166,352,-4,4,244
162,356,-4,4,244
158,360,-4,4,244
154,364,-4,4,244
150,368,-4,4,244
146,372,-4,4,244
142,376,-4,4,244
138,380,-4,4,244
134,384,-4,4,244
130,388,-4,4,244
126,392,-4,4,244
122,396,-4,4,244
118,400,-4,4,244
114,404,-4,4,244
110,408,-4,4,244
106,412,-4,4,244
102,416,-4,4,244
98,420,-4,4,244
94,424,-4,4,244
90,428,-4,4,244
86,432,-4,4,244
82,436,-4,4,244
78,440,-4,4,244
74,444,-4,4,244
70,448,-4,4,244
66,452,-4,4,244
62,456,-4,4,244
58,460,-4,4,244
54,464,-4,4,244
50,468,-4,4,244
46,472,-4,4,244
42,476,-4,4,244
38,480,-4,4,244
34,484,-4,4,244
30,488,-4,4,244
26,492,-4,4,244
22,496,-4,4,244
26,500,4,4,244
30,504,4,4,244
34,508,4,4,244
38,512,4,4,244
42,516,4,4,244
46,520,4,4,244
50,524,4,4,244
54,528,4,4,244
58,532,4,4,244
62,536,4,4,244
66,540,4,4,244
70,544,4,4,244
74,548,4,4,244
78,552,4,4,244
82,556,4,4,244
86,560,4,4,244
90,564,4,4,244
94,568,4,4,244
98,572,4,4,244
102,576,4,4,244
106,580,4,4,244
110,576,4,-4,244
114,572,4,-4,244
118,568,4,-4,244
122,564,4,-4,244
126,560,4,-4,244
130,556,4,-4,244
134,552,4,-4,244
138,548,4,-4,244
142,544,4,-4,244
146,540,4,-4,244
150,536,4,-4,244
154,532,4,-4,244
158,528,4,-4,244
162,524,4,-4,244
166,520,4,-4,244
170,516,4,-4,244
174,512,4,-4,244
178,508,4,-4,244
182,504,4,-4,244
186,500,4,-4,244
190,496,4,-4,244
194,492,4,-4,244
198,488,4,-4,244
202,484,4,-4,244
206,480,4,-4,244
210,476,4,-4,244
214,472,4,-4,244
218,468,4,-4,244
222,464,4,-4,244
226,460,4,-4,244
230,456,4,-4,244
234,452,4,-4,244
238,448,4,-4,244
242,444,4,-4,244
246,440,4,-4,244
250,436,4,-4,244
254,432,4,-4,244
258,428,4,-4,244
262,424,4,-4,244
266,420,4,-4,244
270,416,4,-4,244
274,412,4,-4,244
278,408,4,-4,244
282,404,4,-4,244
286,400,4,-4,244
290,396,4,-4,244
294,392,4,-4,244
298,388,4,-4,244
302,384,4,-4,244
306,380,4,-4,244
310,376,4,-4,244
314,372,4,-4,244
318,368,4,-4,244
322,364,4,-4,244
326,360,4,-4,244
330,356,4,-4,244
334,352,4,-4,244
338,348,4,-4,244
342,344,4,-4,244
346,340,4,-4,244
350,336,4,-4,244
354,332,4,-4,244
358,328,4,-4,244
362,324,4,-4,244
366,320,4,-4,244
370,316,4,-4,244
374,312,4,-4,244
378,308,4,-4,244
382,304,4,-4,244
386,300,4,-4,244
390,296,4,-4,244
394,292,4,-4,244
398,288,4,-4,244
402,284,4,-4,244
406,280,4,-4,244
410,276,4,-4,240
414,272,4,-4,237
418,268,4,-4,234
422,264,4,-4,232
426,260,4,-4,230
430,256,4,-4,228
434,252,4,-4,225
438,248,4,-4,222
442,244,4,-4,218
446,240,4,-4,216
450,236,4,-4,212
454,232,4,-4,209
458,228,4,-4,207
462,224,4,-4,204
466,220,4,-4,201
470,216,4,-4,197
474,212,4,-4,195
478,208,4,-4,193
482,204,4,-4,192
486,200,4,-4,192
490,196,4,-4,189
494,192,4,-4,187
498,188,4,-4,184
502,184,4,-4,181
506,180,4,-4,179
510,176,4,-4,178
514,172,4,-4,177
518,168,4,-4,175
522,164,4,-4,173
526,160,4,-4,168
530,156,4,-4,163
534,152,4,-4,159
538,148,4,-4,156
542,144,4,-4,155
546,140,4,-4,153
550,136,4,-4,152
554,132,4,-4,147
558,128,4,-4,142
562,124,4,-4,138
566,120,4,-4,135
570,116,4,-4,133
574,112,4,-4,130
578,108,4,-4,127
582,104,4,-4,123
586,100,4,-4,122
590,96,4,-4,119
594,92,4,-4,117
598,88,4,-4,115
602,84,4,-4,113
606,80,4,-4,111
610,76,4,-4,108
614,72,4,-4,106
618,68,4,-4,104
622,64,4,-4,102
626,60,4,-4,100
630,56,4,-4,98
634,52,4,-4,97
638,48,4,-4,95
642,44,4,-4,95
646,40,4,-4,95
650,36,4,-4,95
654,32,4,-4,95
658,28,4,-4,95
662,24,4,-4,95
666,20,4,-4,95
670,24,4,4,95
674,28,4,4,95
678,32,4,4,95
682,36,4,4,95
686,40,4,4,95
690,44,4,4,95
694,48,4,4,95
698,52,4,4,95
702,56,4,4,93
706,60,4,4,91
710,64,4,4,89
714,68,4,4,87
718,72,4,4,86
722,76,4,4,86
726,80,4,4,86
730,84,4,4,86
734,88,4,4,86
738,92,4,4,86
742,96,4,4,86
746,100,4,4,86
750,104,4,4,86
754,108,4,4,86
758,112,4,4,86
762,116,4,4,87
766,120,4,4,88
770,124,4,4,88
770,124,-4,4,89
766,128,-4,4,89
762,132,-4,4,89
758,136,-4,4,91
754,140,-4,4,92
750,144,-4,4,94
746,148,-4,4,95
742,152,-4,4,95
738,156,-4,4,97
734,160,-4,4,97
730,164,-4,4,97
726,168,-4,4,98
722,172,-4,4,99
718,176,-4,4,100
714,180,-4,4,101
710,184,-4,4,102
706,188,-4,4,102
702,192,-4,4,102
698,196,-4,4,103
694,200,-4,4,103
690,204,-4,4,104
686,208,-4,4,105
682,212,-4,4,106
678,216,-4,4,107
674,220,-4,4,114
670,224,-4,4,118
666,228,-4,4,122
662,232,-4,4,124
658,236,-4,4,126
654,240,-4,4,129
650,244,-4,4,130
646,248,-4,4,133
642,252,-4,4,135
638,256,-4,4,137
634,260,-4,4,139
630,264,-4,4,142
626,268,-4,4,146
622,272,-4,4,150
618,276,-4,4,156
614,280,-4,4,163
610,284,-4,4,168
606,288,-4,4,174
602,292,-4,4,180
598,296,-4,4,186
594,300,-4,4,194
590,304,-4,4,201
586,308,-4,4,207
582,312,-4,4,213
578,316,-4,4,216
574,320,-4,4,219
570,324,-4,4,222
566,328,-4,4,223
562,332,-4,4,225
558,336,-4,4,229
554,340,-4,4,233
550,344,-4,4,235
546,348,-4,4,238
542,352,-4,4,239
538,356,-4,4,239
534,360,-4,4,240
530,364,-4,4,240
526,368,-4,4,240
522,372,-4,4,241
518,376,-4,4,242
514,380,-4,4,244
510,384,-4,4,244
506,388,-4,4,245
502,392,-4,4,245
498,396,-4,4,246
494,400,-4,4,246
490,404,-4,4,246
486,408,-4,4,247
482,412,-4,4,248
478,416,-4,4,249
474,420,-4,4,251
470,424,-4,4,253
466,428,-4,4,254
462,432,-4,4,255
458,436,-4,4,256
454,440,-4,4,256
450,444,-4,4,256
446,448,-4,4,256
442,452,-4,4,256
438,456,-4,4,256
434,460,-4,4,256
430,464,-4,4,256
426,468,-4,4,257
422,472,-4,4,257
418,476,-4,4,259
414,480,-4,4,259
410,484,-4,4,259
406,488,-4,4,259
402,492,-4,4,260
398,496,-4,4,260
394,500,-4,4,260
390,504,-4,4,260
386,508,-4,4,260
382,512,-4,4,260
378,516,-4,4,260
374,520,-4,4,260
370,524,-4,4,260
366,528,-4,4,260
362,532,-4,4,260
358,536,-4,4,260
354,540,-4,4,260
350,544,-4,4,260
346,548,-4,4,260
342,552,-4,4,260
338,556,-4,4,260
334,560,-4,4,260
330,564,-4,4,260
326,568,-4,4,260
322,572,-4,4,260
318,576,-4,4,260
314,580,-4,4,260
310,576,-4,-4,260
306,572,-4,-4,260
302,568,-4,-4,260
298,564,-4,-4,260
294,560,-4,-4,260
290,556,-4,-4,260
286,552,-4,-4,260
282,548,-4,-4,260
278,544,-4,-4,260
274,540,-4,-4,260
270,536,-4,-4,260
266,532,-4,-4,260
262,528,-4,-4,260
258,524,-4,-4,260
254,520,-4,-4,260
250,516,-4,-4,260
246,512,-4,-4,260
242,508,-4,-4,260
238,504,-4,-4,260
234,500,-4,-4,260
230,496,-4,-4,260
226,492,-4,-4,260
222,488,-4,-4,260
218,484,-4,-4,260
214,480,-4,-4,260
210,476,-4,-4,260
206,472,-4,-4,260
202,468,-4,-4,260
198,464,-4,-4,260
194,460,-4,-4,260
190,456,-4,-4,260
186,452,-4,-4,260
182,448,-4,-4,260
178,444,-4,-4,260
174,440,-4,-4,260
170,436,-4,-4,260
166,432,-4,-4,260
162,428,-4,-4,260
158,424,-4,-4,260
154,420,-4,-4,260
150,416,-4,-4,260
146,412,-4,-4,260
142,408,-4,-4,260
138,404,-4,-4,260
134,400,-4,-4,260
130,396,-4,-4,260
126,392,-4,-4,260
122,388,-4,-4,260
118,384,-4,-4,260
114,380,-4,-4,260
110,376,-4,-4,260
106,372,-4,-4,260
102,368,-4,-4,260
98,364,-4,-4,260
94,360,-4,-4,260
90,356,-4,-4,260
86,352,-4,-4,260
82,348,-4,-4,260
78,344,-4,-4,260
74,340,-4,-4,260
70,336,-4,-4,260
66,332,-4,-4,260
62,328,-4,-4,260
58,324,-4,-4,260
54,320,-4,-4,260
50,316,-4,-4,260
46,312,-4,-4,260
42,308,-4,-4,260
38,304,-4,-4,260
34,300,-4,-4,260
30,296,-4,-4,260
26,292,-4,-4,260
22,288,-4,-4,260
26,284,4,-4,260
30,280,4,-4,260
34,276,4,-4,260
38,272,4,-4,260
42,268,4,-4,260
46,264,4,-4,260
50,260,4,-4,260
54,256,4,-4,260
58,252,4,-4,260
62,248,4,-4,260
66,244,4,-4,260
70,240,4,-4,260
74,236,4,-4,260
78,232,4,-4,260
82,228,4,-4,260
86,224,4,-4,260
90,220,4,-4,260
94,216,4,-4,260
98,212,4,-4,260
102,208,4,-4,260
106,204,4,-4,260
110,200,4,-4,260
114,196,4,-4,260
118,192,4,-4,260
122,188,4,-4,260
126,184,4,-4,260
130,180,4,-4,260
134,176,4,-4,260
138,172,4,-4,260
142,168,4,-4,260
146,164,4,-4,260
150,160,4,-4,260
154,156,4,-4,260
158,152,4,-4,260
162,148,4,-4,260
166,144,4,-4,260
170,140,4,-4,260
174,136,4,-4,260
178,132,4,-4,260
182,128,4,-4,260
186,124,4,-4,260
190,120,4,-4,260
194,116,4,-4,260
198,112,4,-4,260
202,108,4,-4,260
206,104,4,-4,260
210,100,4,-4,260
214,96,4,-4,260
218,92,4,-4,260
222,88,4,-4,260
226,84,4,-4,260
230,80,4,-4,260
234,76,4,-4,260
238,72,4,-4,260
242,68,4,-4,260
246,64,4,-4,260
250,60,4,-4,260
254,56,4,-4,260
258,52,4,-4,260
262,48,4,-4,260
266,44,4,-4,260
270,40,4,-4,260
274,36,4,-4,260
278,32,4,-4,260
282,28,4,-4,260
286,24,4,-4,260
290,20,4,-4,260
294,24,4,4,260
298,28,4,4,260
302,32,4,4,260
306,36,4,4,260
310,40,4,4,260
314,44,4,4,260
318,48,4,4,260
322,52,4,4,260
326,56,4,4,260
330,60,4,4,260
334,64,4,4,260
338,68,4,4,260
342,72,4,4,260
346,76,4,4,260
350,80,4,4,260
354,84,4,4,260
358,88,4,4,260
362,92,4,4,260
366,96,4,4,260
370,100,4,4,260
374,104,4,4,260
378,108,4,4,260
382,112,4,4,260
386,116,4,4,260
390,120,4,4,260
394,124,4,4,260
398,128,4,4,260
402,132,4,4,260
406,136,4,4,260
410,140,4,4,260
414,144,4,4,260
418,148,4,4,260
422,152,4,4,260
426,156,4,4,260
430,160,4,4,260
434,164,4,4,260
438,168,4,4,260
442,172,4,4,260
446,176,4,4,260
450,180,4,4,260
454,184,4,4,260
458,188,4,4,260
462,192,4,4,260
466,196,4,4,260
470,200,4,4,260
474,204,4,4,260
478,208,4,4,260
482,212,4,4,260
486,216,4,4,260
490,220,4,4,260
494,224,4,4,260
498,228,4,4,260
502,232,4,4,260
506,236,4,4,260
510,240,4,4,262
514,244,4,4,262
518,248,4,4,263
522,252,4,4,268
526,256,4,4,276
530,260,4,4,284
534,264,4,4,292
538,268,4,4,297
542,272,4,4,300
546,276,4,4,305
550,280,4,4,311
554,284,4,4,319
558,288,4,4,324
562,292,4,4,327
566,296,4,4,333
570,300,4,4,341
574,304,4,4,347
578,308,4,4,351
582,312,4,4,354
586,316,4,4,355
590,320,4,4,358
594,324,4,4,359
598,328,4,4,362
602,332,4,4,362
606,336,4,4,364
610,340,4,4,366
614,344,4,4,368
618,348,4,4,371
622,352,4,4,373
626,356,4,4,374
630,360,4,4,377
634,364,4,4,380
638,368,4,4,383
642,372,4,4,386
646,376,4,4,388
650,380,4,4,391
654,384,4,4,393
658,388,4,4,396
662,392,4,4,398
666,396,4,4,400
670,400,4,4,403
674,404,4,4,404
678,408,4,4,406
682,412,4,4,411
686,416,4,4,414
690,420,4,4,419
694,424,4,4,421
698,428,4,4,423
702,432,4,4,423
706,436,4,4,424
710,440,4,4,425
714,444,4,4,426
718,448,4,4,426
722,452,4,4,427
726,456,4,4,429
730,460,4,4,430
734,464,4,4,431
738,468,4,4,431
742,472,4,4,432
746,476,4,4,432
750,480,4,4,434
754,484,4,4,435
758,488,4,4,436
762,492,4,4,436
766,496,4,4,437
770,500,4,4,438
770,500,-4,4,438
766,504,-4,4,438
762,508,-4,4,439
758,512,-4,4,440
754,516,-4,4,441
750,520,-4,4,441
746,524,-4,4,441
742,528,-4,4,441
738,532,-4,4,442
734,536,-4,4,442
730,540,-4,4,443
726,544,-4,4,443
722,548,-4,4,443
718,552,-4,4,443
714,556,-4,4,443
710,560,-4,4,443
706,564,-4,4,443
702,568,-4,4,443
698,572,-4,4,443
694,576,-4,4,443
690,580,-4,4,443
686,576,-4,-4,443
682,572,-4,-4,443
678,568,-4,-4,443
674,564,-4,-4,443
670,560,-4,-4,443
666,556,-4,-4,443
662,552,-4,-4,443
658,548,-4,-4,443
654,544,-4,-4,443
650,540,-4,-4,441
646,536,-4,-4,440
642,532,-4,-4,440
638,528,-4,-4,439
634,524,-4,-4,439
630,520,-4,-4,438
626,516,-4,-4,438
622,512,-4,-4,437
618,508,-4,-4,437
614,504,-4,-4,436
610,500,-4,-4,436
606,496,-4,-4,436
602,492,-4,-4,436
598,488,-4,-4,436
594,484,-4,-4,436
590,480,-4,-4,436
586,476,-4,-4,436
582,472,-4,-4,435
578,468,-4,-4,435
574,464,-4,-4,435
570,460,-4,-4,434
566,456,-4,-4,434
562,452,-4,-4,434
558,448,-4,-4,433
554,444,-4,-4,432
550,440,-4,-4,432
546,436,-4,-4,430
542,432,-4,-4,429
538,428,-4,-4,426
534,424,-4,-4,423
530,420,-4,-4,413
526,416,-4,-4,399
522,412,-4,-4,391
518,408,-4,-4,388
514,404,-4,-4,387
510,400,-4,-4,385
506,396,-4,-4,384
502,392,-4,-4,383
498,388,-4,-4,378
494,384,-4,-4,372
490,380,-4,-4,366
486,376,-4,-4,359
482,372,-4,-4,343
478,368,-4,-4,319
474,364,-4,-4,290
470,360,-4,-4,282
466,356,-4,-4,277
462,352,-4,-4,277
458,348,-4,-4,277
454,344,-4,-4,277
450,340,-4,-4,277
446,336,-4,-4,277
442,332,-4,-4,277
438,328,-4,-4,277
434,324,-4,-4,277
430,320,-4,-4,277
426,316,-4,-4,277
422,312,-4,-4,277
418,308,-4,-4,277
414,304,-4,-4,277
410,300,-4,-4,277
406,296,-4,-4,277
402,292,-4,-4,277
398,288,-4,-4,277
394,284,-4,-4,277
390,280,-4,-4,277
386,276,-4,-4,277
382,272,-4,-4,277
378,268,-4,-4,277
374,264,-4,-4,277
370,260,-4,-4,277
366,256,-4,-4,277
362,252,-4,-4,277
358,248,-4,-4,277
354,244,-4,-4,277
350,240,-4,-4,277
346,236,-4,-4,277
342,232,-4,-4,277
338,228,-4,-4,277
334,224,-4,-4,277
330,220,-4,-4,277
326,216,-4,-4,277
322,212,-4,-4,277
318,208,-4,-4,277
314,204,-4,-4,277
310,200,-4,-4,277
306,196,-4,-4,277
302,192,-4,-4,277
298,188,-4,-4,277
294,184,-4,-4,277
290,180,-4,-4,277
286,176,-4,-4,277
282,172,-4,-4,277
278,168,-4,-4,277
274,164,-4,-4,277
270,160,-4,-4,277
266,156,-4,-4,277
262,152,-4,-4,277
258,148,-4,-4,277
254,144,-4,-4,277
250,140,-4,-4,277
246,136,-4,-4,277
242,132,-4,-4,277
238,128,-4,-4,277
234,124,-4,-4,277
230,120,-4,-4,277
226,116,-4,-4,277
222,112,-4,-4,277
218,108,-4,-4,277
214,104,-4,-4,277
210,100,-4,-4,277
206,96,-4,-4,277
